Ampang,Kuala Lumpur
Ampang Hilir,Kuala Lumpur
Bandar Damai Perdana,Kuala Lumpur
Bandar Menjalara,Kuala Lumpur
Bandar Sri Damansara,Kuala Lumpur
Bandar Tasik Selatan,Kuala Lumpur
Bangsar,Kuala Lumpur
Bangsar South,Kuala Lumpur
Batu,Kuala Lumpur
Brickfields,Kuala Lumpur
Bukit Bintang,Kuala Lumpur
Bukit Jalil,Kuala Lumpur
Bukit Ledang,Kuala Lumpur
Bukit Tunku,Kuala Lumpur
Chan Sow Lin,Kuala Lumpur
Cheras,Kuala Lumpur
City Centre,Kuala Lumpur
Country Heights Damansara,Kuala Lumpur
Damansara,Kuala Lumpur
Damansara Heights,Kuala Lumpur
Desa Pandan,Kuala Lumpur
Desa ParkCity,Kuala Lumpur
Desa Petaling,Kuala Lumpur
Federal Hill,Kuala Lumpur
Gombak,Kuala Lumpur
Jalan Ipoh,Kuala Lumpur
Jalan Klang Lama,Kuala Lumpur
Jalan Kuching,Kuala Lumpur
Jalan Sultan Ismail,Kuala Lumpur
Jinjang,Kuala Lumpur
Kenny Hills,Kuala Lumpur
Kepong,Kuala Lumpur
Keramat,Kuala Lumpur
KL City,Kuala Lumpur
 KL Sentral,Kuala Lumpur
 KLCC,Kuala Lumpur
 Kuchai Lama,Kuala Lumpur
 Mid Valley City,Kuala Lumpur
 Mont Kiara,Kuala Lumpur
Old Klang Road,Kuala Lumpur
 OUG,Kuala Lumpur
 Pandan Indah,Kuala Lumpur
 Pandan Jaya,Kuala Lumpur
 Pandan Perdana,Kuala Lumpur
 Pantai,Kuala Lumpur
 Pekan Batu,Kuala Lumpur
 Puchong,Kuala Lumpur
 Salak Selatan,Kuala Lumpur
 Segambut,Kuala Lumpur
 Sentul,Kuala Lumpur
 Seputeh,Kuala Lumpur
 Serdang,Kuala Lumpur
 Setapak,Kuala Lumpur
 Setiawangsa,Kuala Lumpur
 Solaris Dutamas,Kuala Lumpur
 Solaris Mont Kiara,Kuala Lumpur
 Sri Hartamas,Kuala Lumpur
 Sri Petaling,Kuala Lumpur
 Sunway SPK,Kuala Lumpur
 Sungai Besi,Kuala Lumpur
 Sungai Penchala,Kuala Lumpur
 Taman Desa,Kuala Lumpur
 Taman Duta,Kuala Lumpur
 Taman Melawati,Kuala Lumpur
 Taman Tun Dr Ismail,Kuala Lumpur
 Titiwangsa,Kuala Lumpur
 Wangsa Maju,Kuala Lumpur
 Ayer Baloi,Johor 
 Ayer Hitam,Johor 
 Bakri,Johor 
 Batu Anam,Johor 
 Batu Pahat,Johor 
 Bekok,Johor 
 Benut,Johor 
 Bukit Gambir,Johor 
 Bukit Pasir,Johor 
Chaah,Johor 
 Endau,Johor 
 Gelang Patah,Johor 
 Gerisek,Johor 
 Gugusan Taib Andak,Johor 
 Horizon Hills,Johor 
 Jementah,Johor 
 Johor Bahru,Johor 
 Kahang,Johor 
 Kampung Kenangan Tun Dr Ismail,Johor 
 Kluang,Johor 
 Kota Tinggi,Johor 
 Kukup,Johor 
 Kulai,Johor 
 Labis,Johor 
 Layang Layang,Johor 
 Masai,Johor 
 Medini,Johor 
 Mersing,Johor 
 Muar,Johor 
 Nusajaya,Johor 
 Pagoh,Johor 
 Paloh,Johor 
 Panchor,Johor 
 Parit Jawa,Johor 
 Parit Raja,Johor 
 Parit Sulong,Johor 
 Pasir Gudang,Johor 
 Pekan Nanas,Johor 
 Pengerang,Johor 
 Permas Jaya,Johor 
 Plentong,Johor 
 Pontian,Johor 
 Puteri Harbour,Johor 
 Rengam,Johor 
 Rengit,Johor 
 Segamat,Johor 
 Semerah,Johor 
 Senai,Johor 
 Senggarang,Johor 
 Senibong,Johor 
 Seri Gadang,Johor 
 Setia Indah,Johor 
 Setia Tropika,Johor 
 Simpang Rengam,Johor 
 Skudai,Johor 
 Sungai Mati,Johor 
 Tampoi,Johor 
 Tangkak,Johor 
 Ulu Tiram,Johor 
 Yong Peng,Johor 
 Alor Setar,Kedah 
 Ayer Hitam,Kedah 
 Baling,Kedah 
 Bandar Baharu,Kedah 
 Bedong,Kedah 
 Bukit Kayu Hitam,Kedah 
 Guar Chempedak,Kedah 
 Gurun,Kedah 
 Jitra,Kedah 
 Karangan,Kedah 
 Kepala Batas,Kedah 
 Kodiang,Kedah 
 Kota Sarang Semut,Kedah 
 Kuala Kedah,Kedah 
 Kuala Ketil,Kedah 
 Kuala Muda,Kedah 
 Kuala Nerang,Kedah 
 Kubang Pasu,Kedah 
 Kulim,Kedah 
 Kupang,Kedah 
 Langgar,Kedah 
 Langkawi,Kedah 
 Lunas,Kedah 
 Merbok,Kedah 
 Padang Serai,Kedah 
 Padang Terap,Kedah 
 Pendang,Kedah 
 Pokok Sena,Kedah 
 Pulau Langkawi,Kedah 
 Serdang,Kedah 
 Sik,Kedah 
 Simpang Empat,Kedah 
 Sungai Petani,Kedah 
 Univesity Utara,Kedah 
 Yan,Kedah 
 Ayer Lanas,Kelantan
 Bachok,Kelantan
 Cherang Ruku,Kelantan
 Dabong,Kelantan
 Gua Musang,Kelantan
 Jeli,Kelantan
 Kem Desa Pahwalan,Kelantan
 Ketereh,Kelantan
 Kota Bharu,Kelantan
 Kuala Balah,Kelantan
 Kuala Kerai,Kelantan
 Machang,Kelantan
 Melor,Kelantan
 Pasir Mas,Kelantan
 Pasir Puteh,Kelantan
 Pulai Chondong,Kelantan
 Rantau Panjang,Kelantan
 Selising,Kelantan
 Tanah Merah,Kelantan
 Tawang,Kelantan
 Temangan,Kelantan
 Tumpat,Kelantan
 Wakaf Baru,Kelantan
 Alor Gajah,Melaka
 Asahan,Melaka
 Ayer Keroh,Melaka
 Bandar Hilir,Melaka
 Batu Berendam,Melaka
 Bemban,Melaka
 Bukit Beruang,Melaka
 Durian Tunggal,Melaka
 Jasin,Melaka
 Kuala Linggi,Melaka
 Kuala Sungai Baru,Melaka
 Lubok China,Melaka
 Masjid Tanah,Melaka
 Melaka Tengah,Melaka
 Merlimau,Melaka
 Selandar,Melaka
 Sungai Rambai,Melaka
 Sungai Udang,Melaka
 Tanjong Kling,Melaka
 Ujong Pasir,Melaka
 Bahau,Negeri Sembilan 
 Bandar Baru Serting,Negeri Sembilan 
 Batang Melaka,Negeri Sembilan 
 Batu Kikir,Negeri Sembilan 
 Gemas,Negeri Sembilan 
 Gemencheh,Negeri Sembilan 
 Jelebu,Negeri Sembilan 
 Jempol,Negeri Sembilan 
 Johol,Negeri Sembilan 
 Juasseh,Negeri Sembilan 
 Kota,Negeri Sembilan 
 Kuala Klawang,Negeri Sembilan 
 Kuala Pilah,Negeri Sembilan 
 Labu,Negeri Sembilan 
 Lenggeng,Negeri Sembilan 
 Linggi,Negeri Sembilan 
 Mantin,Negeri Sembilan 
 Nilai,Negeri Sembilan 
 Pasir Panjang,Negeri Sembilan 
 Pedas,Negeri Sembilan 
 Port Dickson,Negeri Sembilan 
 Rantau,Negeri Sembilan 
 Rembau,Negeri Sembilan 
 Rompin,Negeri Sembilan 
 Senawang,Negeri Sembilan 
 Seremban,Negeri Sembilan 
 Siliau,Negeri Sembilan 
 Simpang Durian,Negeri Sembilan 
 Simpang Pertang,Negeri Sembilan 
 Sri Menanti,Negeri Sembilan 
 Sri Rusa,Negeri Sembilan 
 Tampin,Negeri Sembilan 
 Tanjong Ipoh,Negeri Sembilan 
 Balok,Pahang 
 Bandar Pusat Jengka,Pahang 
 Bandar Tun Abdul Razak,Pahang 
 Benta,Pahang 
 Bentong,Pahang 
 Bera,Pahang 
 Brinchang,Pahang 
 Bukit Fraser,Pahang 
 Cameron Highlands,Pahang 
 Chenor,Pahang 
 Daerah Rompin,Pahang 
 Damak,Pahang 
 Dong,Pahang 
 Genting Highlands,Pahang 
 Jerantut,Pahang 
 Karak,Pahang 
 Kuala Lipis,Pahang 
 Kuala Rompin,Pahang 
 Kuantan,Pahang 
 Lanchang,Pahang 
 Lurah Bilut,Pahang 
 Maran,Pahang 
 Mengkarak,Pahang 
 Mentakab,Pahang 
 Muadzam Shah,Pahang 
 Padang Tengku,Pahang 
 Pekan,Pahang 
 Raub,Pahang 
 Ringlet,Pahang 
 Rompin,Pahang 
 Sega,Pahang 
 Sungai Koyan,Pahang 
 Sungai Lembing,Pahang 
 Sungai Ruan,Pahang 
 Tanah Rata,Pahang 
 Temerloh,Pahang 
 Triang,Pahang 
 Air Tawar,Penang 
 Alma,Penang 
 Ayer Itam,Penang 
 Bagan Ajam,Penang 
 Bagan Jermal,Penang 
 Bagan Lallang,Penang 
 Balik Pulau,Penang 
 Bandar Perda,Penang 
 Batu Ferringhi,Penang 
 Batu Kawan,Penang 
 Batu Maung,Penang 
 Batu Uban,Penang 
 Bayan Baru,Penang 
 Bayan Lepas,Penang 
 Berapit,Penang 
 Bertam,Penang 
 Bukit Dumbar,Penang 
 Bukit Jambul,Penang 
 Bukit Mertajam,Penang 
 Bukit Minyak,Penang 
 Bukit Tambun,Penang 
 Bukit Tengah,Penang 
 Butterworth,Penang 
 Gelugor,Penang 
 Georgetown,Penang 
 Gertak Sangul,Penang 
 Greenlane,Penang 
 Jawi,Penang 
 Jelutong,Penang 
 Juru,Penang 
 Kepala Batas,Penang 
 Kubang Semang,Penang 
 Mak Mandin,Penang 
 Minden Heights,Penang 
 Nibong Tebal,Penang 
 Pauh Jaya,Penang 
 Paya Terubong,Penang 
 Penaga,Penang 
 Penang Hill,Penang 
 Penanti,Penang 
 Perai,Penang 
 Permatang Kuching,Penang 
 Permatang Pauh,Penang 
 Permatang Tinggi,Penang 
 Persiaran Gurney,Penang 
 Prai,Penang 
 Pulau Betong,Penang 
 Pulau Tikus,Penang 
 Raja Uda,Penang 
 Relau,Penang 
 Scotland,Penang 
 Seberang Jaya,Penang 
 Seberang Perai,Penang 
 Serdang,Penang 
 Simpang Ampat,Penang 
 Sungai Ara,Penang 
 Sungai Bakap,Penang 
 Sungai Dua,Penang 
 Sungai Jawi,Penang 
 Sungai Nibong,Penang 
 Sungai Pinang,Penang 
 Tanjong Tokong,Penang 
 Tanjung Bungah,Penang 
 Tasek Gelugor,Penang 
 Teluk Bahang,Penang 
 Teluk Kumbar,Penang 
 USM,Penang 
 Valdor,Penang 
 Bagan Serai,Perak
 Batu Gajah,Perak
 Batu Kurau,Perak
 Behrang Stesen,Perak
 Beruas,Perak
 Bidor,Perak
 Bota,Perak
 Changkat Jering,Perak
 Changkat Keruing,Perak
 Chemor,Perak
 Chenderiang,Perak
 Chenderong Balai,Perak
 Chikus,Perak
 Enggor,Perak
 Gerik,Perak
 Gopeng,Perak
 Hutan Melintang,Perak
 Intan,Perak
 Ipoh,Perak
 Jeram,Perak
 Kampar,Perak
 Kampong Gajah,Perak
 Kampong Kepayang,Perak
 Kamunting,Perak
 Kuala Kangsar,Perak
 Kuala Kurau,Perak
 Kuala Sepetang,Perak
 Lahat,Perak
 Lambor Kanan,Perak
 Langkap,Perak
 Lenggong,Perak
 Lumut,Perak
 Malim Nawar,Perak
 Mambang Diawan,Perak
 Manong,Perak
 Matang,Perak
 Menglembu,Perak
 Padang Rengas,Perak
 Pangkor,Perak
 Pantai Remis,Perak
 Parit,Perak
 Parit Buntar,Perak
 Pengkalan Hulu,Perak
 Pusing,Perak
 Rantau Panjang,Perak
 Sauk,Perak
 Selama,Perak
 Selekoh,Perak
 Selinsing,Perak
 Semanggol,Perak
 Seri Manjong,Perak
 Simpang,Perak
 Sitiawan,Perak
 Slim River,Perak
 Sungai Siput,Perak
 Sungai Sumun,Perak
 Sungkai,Perak
 Taiping,Perak
 Tanjong Piandang,Perak
 Tanjong Rambutan,Perak
 Tanjong Tualang,Perak
 Tanjung Malim,Perak
 Tapah,Perak
 Teluk Intan,Perak
 Temoh,Perak
 TLDM Lumut,Perak
 Trolak,Perak
 Trong,Perak
 Tronoh,Perak
 Ulu Bernam,Perak
 Ulu Kinta,Perak
 Arau,Perlis 
 Kaki Bukit,Perlis 
 Kangar,Perlis 
 Kuala Perlis,Perlis 
 Padang Besar,Perlis 
 Pauh,Perlis 
 Simpang Ampat,Perlis 
 Cyberjaya,Putrajaya 
 Putrajaya,
 Beaufort,Sabah 
 Beluran,Sabah 
 Bongawan,Sabah 
 Keningau,Sabah 
 Kota Belud,Sabah 
 Kota Kinabalu,Sabah 
 Kota Kinabatangan,Sabah 
 Kota Marudu,Sabah 
 Kuala Penyu,Sabah 
 Kudat,Sabah 
 Kunak,Sabah 
 Lahad Datu,Sabah 
 Likas,Sabah 
 Membakut,Sabah 
 Menumbok,Sabah 
 Nabawan,Sabah 
 Pamol,Sabah 
 Papar,Sabah 
 Penampang,Sabah 
 Pitas,Sabah 
 Pulatan,Sabah 
 Ranau,Sabah 
 Sandakan,Sabah 
 Semporna,Sabah 
 Sipitang,Sabah 
 Tambunan,Sabah 
 Tamparuli,Sabah 
 Tawau,Sabah 
 Tenom,Sabah 
 Tuaran,Sabah 
 Asajaya,Sarawak 
 Balingian,Sarawak 
 Baram,Sarawak 
 Bau,Sarawak 
 Bekenu,Sarawak 
 Belaga,Sarawak 
 Belawai,Sarawak 
 Betong,Sarawak 
 Bintagor,Sarawak 
 Bintulu,Sarawak 
 Dalat,Sarawak 
 Daro,Sarawak 
 Debak,Sarawak 
 Engkilili,Sarawak 
 Julau,Sarawak 
 Kabong,Sarawak 
 Kanowit,Sarawak 
 Kapit,Sarawak 
 Kota Samarahan,Sarawak 
 Kuching,Sarawak 
 Lawas,Sarawak 
 Limbang,Sarawak 
 Lingga,Sarawak 
 Long Lama,Sarawak 
 Lubok Antu,Sarawak 
 Lundu,Sarawak 
 Lutong,Sarawak 
 Maradong,Sarawak 
 Marudi,Sarawak 
 Matu,Sarawak 
 Miri,Sarawak 
 Mukah,Sarawak 
 Nanga Medamit,Sarawak 
 Niah,Sarawak 
 Pusa,Sarawak 
 Roban,Sarawak 
 Saratok,Sarawak 
 Sarikei,Sarawak 
 Sebauh,Sarawak 
 Sebuyau,Sarawak 
 Serian,Sarawak 
 Sibu,Sarawak 
 Simunjan,Sarawak 
 Song,Sarawak 
 Spaoh,Sarawak 
 Sri Aman,Sarawak 
 Sundar,Sarawak 
 Tanjung Kidurong,Sarawak 
 Tatau,Sarawak 
 Alam Impian,Selengor 
 Aman Perdana,Selengor 
 Ambang Botanic,Selengor 
 Ampang,Selengor 
 Ara Damansara,Selengor 
 Balakong,Selengor 
 Bandar Botanic,Selengor 
 Bandar Bukit Raja,Selengor 
 Bandar Bukit Tinggi,Selengor 
 Bandar Kinrara,Selengor 
 Bandar Puncak Alam,Selengor 
 Bandar Puteri Klang,Selengor 
 Bandar Puteri Puchong,Selengor 
 Bandar Saujana Putra,Selengor 
 Bandar Sri Damansara,Selengor 
 Bandar Sungai Long,Selengor 
 Bandar Sunway,Selengor 
 Bandar Utama,Selengor 
 Bangi,Selengor 
 Banting,Selengor 
 Batang Berjuntai,Selengor 
 Batang Kali,Selengor 
 Batu Arang,Selengor 
 Batu Caves,Selengor 
 Beranang,Selengor 
 Bukit Jelutong,Selengor 
 Bukit Rahman Putra,Selengor 
 Bukit Rotan,Selengor 
 Bukit Subang,Selengor 
 Cheras,Selengor 
 Country Heights,Selengor 
 Cyberjaya,Selengor 
 Damansara Damai,Selengor 
 Damansara Intan,Selengor 
 Damansara Jaya,Selengor 
 Damansara Kim,Selengor 
 Damansara Perdana,Selengor 
 Damansara Utama,Selengor 
 Denai Alam,Selengor 
 Dengkil,Selengor 
 Glenmarie,Selengor 
 Gombak,Selengor 
 Hulu Langat,Selengor 
 Hulu Selangor,Selengor 
 Jade Hills,Selengor 
 Jenjarom,Selengor 
 Kajang,Selengor 
 Kapar,Selengor 
 Kayu Ara,Selengor 
 Kelana Jaya,Selengor 
 Kerling,Selengor 
 Klang,Selengor 
 Kota Damansara,Selengor 
 Kota Emerald,Selengor 
 Kota Kemuning,Selengor 
 Kuala Kubu Baru,Selengor 
 Kuala Langat,Selengor 
 Kuala Selangor,Selengor 
 Kuang,Selengor 
 Mutiara Damansara,Selengor 
 Nilai,Selengor 
 Petaling Jaya,Selengor 
 Port Klang,Selengor 
 Puchong,Selengor 
 Puchong South,Selengor 
 Pulau Indah ( Pulau Lumut),Selengor 
 Pulau Carey,Selengor 
 Pulau Ketam,Selengor 
 Puncak Jalil,Selengor 
 Putra Heights,Selengor 
 Rasa,Selengor 
 Rawang,Selengor 
 Sabak Bernam,Selengor 
 Saujana,Selengor 
 Sekinchan,Selengor 
 Selayang,Selengor 
 Semenyih,Selengor 
 Sepang,Selengor 
 Serdang,Selengor 
 Serendah,Selengor 
 Seri Kembangan,Selengor 
 Setia Alam,Selengor 
 Setia Eco Park,Selengor 
 Shah Alam,Selengor 
 SierraMas,Selengor 
 SS2,Selengor 
 Subang Bestari,Selengor 
 Subang Heights,Selengor 
 Subang Jaya,Selengor 
 Sungai Ayer Tawar,Selengor 
 Sungai Besar,Selengor 
 Sungai Buloh,Selengor 
 Sungai Pelek,Selengor 
 Taman Melawati,Selengor 
 Taman TTDI Jaya,Selengor 
 Tanjong Karang,Selengor 
 Tanjong Sepat,Selengor 
 Telok Panglima Garang,Selengor 
 Tropicana,Selengor 
 Ulu Klang,Selengor 
 USJ,Selengor 
 USJ Heights,Selengor 
 Valencia,Selengor 
 Besut,Terengganu
 Dungun,Terengganu
 Hulu Terengganu,Terengganu
 Kemaman,Terengganu
 Kuala Terengganu,Terengganu
 Marang,Terengganu
 Setiu,Terengganu
 Kerteh,Terengganu
